<?xml version="1.0" encoding="UTF-8"?>
<beans xmlns="http://www.springframework.org/schema/beans"
       xmlns:xsi="http://www.w3.org/2001/XMLSchema-instance"
          xmlns:context="http://www.springframework.org/schema/context"
       xsi:schemaLocation=" http://www.springframework.org/schema/context http://www.springframework.org/schema/context/spring-context-3.2.xsd
       http://www.springframework.org/schema/mvc http://www.springframework.org/schema/mvc/spring-mvc-3.2.xsd
       http://www.springframework.org/schema/beans http://www.springframework.org/schema/beans/spring-beans.xsd">

	<!-- 引入配置文件 -->  
    <bean id="propertyConfigurer"  
        class="org.springframework.beans.factory.config.PropertyPlaceholderConfigurer">  
        <property name="location" value="classpath:config/jdbc.properties" />  
    </bean>  
    <bean id="dataSource" class="org.apache.commons.dbcp.BasicDataSource"  
        destroy-method="close">  
        <property name="driverClassName" value="${jdbc.driver}" />  
        <property name="url" value="${jdbc.url}" />  
        <property name="username" value="${jdbc.username}" />  
        <property name="password" value="${jdbc.password}" />  
    </bean>  
     <!-- spring和MyBatis完美整合，不需要mybatis的配置映射文件 -->  
    <bean id="sqlSessionFactory" class="org.mybatis.spring.SqlSessionFactoryBean">  
        <property name="dataSource" ref="dataSource" />  
         <property name="configLocation" value="classpath:config/spring-mybatis.xml"/>  
        <!-- 自动扫描mapping.xml文件 -->  
        <property name="mapperLocations" value="classpath:com/setting/mapper/*.xml"></property>  
    </bean>  
  
    <!-- DAO接口所在包名，Spring会自动查找其下的类   --> 
    <bean class="org.mybatis.spring.mapper.MapperScannerConfigurer">  
        <property name="basePackage" value="com.setting.dao" />  
    </bean>  
    
    <!-- 扫描service -->
	<context:component-scan base-package="com.setting">
	</context:component-scan>
</beans>