<?xml version="1.0" encoding="UTF-8" ?>
<!DOCTYPE mapper PUBLIC "-//mybatis.org//DTD Mapper 3.0//EN" "http://mybatis.org/dtd/mybatis-3-mapper.dtd" >
<mapper namespace="com.setting.dao.AuthorityMapper">
	
	<select id="findByRoleId" resultType="com.setting.entity.Authority">
		select
		authority.id,parent_id,authority_name from authority,role_power where
		authority.id= authority_id and role_id=#{roleId}
	</select>

	<select id="findAllAuthority" resultMap="AuthorityMap">
		select 
		b.id 'bid',b.parent_id 'bparent_id',b.authority_name 'bauthority_name',
		a.id 'aid',a.parent_id 'aparent_id',a.authority_name 'aauthority_name' 
		from authority a,authority b where b.id=a.parent_id
	</select>

	<resultMap type="com.setting.entity.Authority" id="AuthorityMap">
		<result column="bid" jdbcType="BIGINT" property="id" />
		<result column="bparent_id" jdbcType="BIGINT" property="parentId" />
		<result column="bauthority_name" jdbcType="VARCHAR" property="authorityName" />
		<collection property="child" ofType="com.setting.entity.Authority">
			<result column="aid" jdbcType="BIGINT" property="id" />
			<result column="aparent_id" jdbcType="BIGINT" property="parentId" />
			<result column="aauthority_name" jdbcType="VARCHAR" property="authorityName" />
		</collection>
	</resultMap>
	<insert id="addRolePower">
	insert into role_power(role_id,authority_id) values(#{roleId},#{authorityId})
	</insert>
</mapper>