<?xml version="1.0" encoding="UTF-8" ?>
<!DOCTYPE mapper PUBLIC "-//mybatis.org//DTD Mapper 3.0//EN" "http://mybatis.org/dtd/mybatis-3-mapper.dtd" >
<mapper namespace="com.setting.dao.RoleMapper">

	<insert id="add">
		insert into role (role_name) values(#{roleName})
	</insert>

	<update id="update" parameterType="com.setting.entity.Role">
		update role
		<set>
			<if test="roleName!=null">
				role_name=#{roleName}
			</if>
		</set>
		where id=#{id} and id!=1
	</update>

	<delete id="delete">
		delete from role where id!=1 and id=#{id}
	</delete>

	<select id="findAll" resultType="com.setting.entity.Role">
		select id,role_name from role
	</select>

</mapper>