<?xml version="1.0" encoding="UTF-8" ?>
<!DOCTYPE mapper PUBLIC "-//mybatis.org//DTD Mapper 3.0//EN" "http://mybatis.org/dtd/mybatis-3-mapper.dtd" >
<mapper namespace="com.setting.dao.UserMapper" >
	
	<select id="login" resultType="com.setting.entity.User">
		select id,name,role_id from user where name=#{name} and password=#{password}
	</select>
	
	<insert id="add" parameterType="com.setting.entity.User">
	insert into user (name,role_id,password) values(#{name},#{roleId},#{password});
	</insert>
	
	<delete id="delete">
	delete from user where id=#{id}
	</delete>
	
	<update id="updatePassword">
	update user set password=#{newPwd} where id=#{id}
	</update>
	
	<select id="findById" resultType="com.setting.entity.User">
	select id,name,role_id from user where id=#{id}
	</select>
</mapper>